episode,arm,reward,is_failure,cumulative_failures,sut_version,source
1,v70-90_snow,2.0,True,1,v1,bandit
2,v70-90_snow,2.0,True,2,v1,bandit
3,v70-90_snow,2.0,True,3,v1,bandit
4,v70-90_snow,2.0,True,4,v1,bandit
5,v70-90_snow,2.0,True,5,v1,bandit
6,v70-90_snow,2.0,True,6,v1,bandit
7,v70-90_wet,2.0,True,7,v1,bandit
8,v70-90_wet,2.0,True,8,v1,bandit
9,v70-90_wet,2.0,True,9,v1,bandit
10,v90-100_snow,2.0,True,10,v1,bandit
11,v90-100_snow,2.0,True,11,v1,bandit
12,v90-100_wet,2.0,True,12,v1,bandit
13,v90-100_wet,2.0,True,13,v1,bandit
14,v90-100_wet,2.0,True,14,v1,bandit
15,v90-100_snow,2.0,True,15,v1,bandit
16,v70-90_wet,2.0,True,16,v1,bandit
17,v90-100_wet,2.0,True,17,v1,bandit
18,v90-100_snow,2.0,True,18,v1,bandit
19,v70-90_wet,2.0,True,19,v1,bandit
20,v90-100_wet,2.0,True,20,v1,bandit
21,v90-100_snow,2.0,True,21,v1,bandit
22,v70-90_wet,2.0,True,22,v1,bandit
23,v90-100_wet,2.0,True,23,v1,bandit
24,v90-100_snow,2.0,True,24,v1,bandit
25,v70-90_wet,2.0,True,25,v1,bandit
26,v70-90_snow,-0.1,False,25,v1,bandit
27,v90-100_wet,2.0,True,26,v1,bandit
28,v90-100_snow,2.0,True,27,v1,bandit
29,v70-90_wet,2.0,True,28,v1,bandit
30,v90-100_wet,2.0,True,29,v1,bandit
31,v90-100_snow,2.0,True,30,v1,bandit
32,v70-90_wet,2.0,True,31,v1,bandit
33,v90-100_wet,2.0,True,32,v1,bandit
34,v90-100_snow,2.0,True,33,v1,bandit
35,v70-90_wet,-0.1,False,33,v1,bandit
36,v90-100_wet,2.0,True,34,v1,bandit
37,v90-100_snow,2.0,True,35,v1,bandit
38,v90-100_wet,2.0,True,36,v1,bandit
39,v90-100_snow,2.0,True,37,v1,bandit
40,v90-100_wet,2.0,True,38,v1,bandit
41,v90-100_snow,2.0,True,39,v1,bandit
42,v90-100_wet,2.0,True,40,v1,bandit
43,v90-100_snow,2.0,True,41,v1,bandit
44,v90-100_wet,2.0,True,42,v1,bandit
45,v90-100_snow,2.0,True,43,v1,bandit
46,v90-100_wet,2.0,True,44,v1,bandit
47,v90-100_snow,2.0,True,45,v1,bandit
48,v90-100_wet,2.0,True,46,v1,bandit
49,v90-100_snow,2.0,True,47,v1,bandit
50,v90-100_wet,2.0,True,48,v1,bandit
51,v90-100_snow,2.0,True,49,v1,bandit
52,v70-90_snow,2.0,True,50,v1,bandit
53,v90-100_wet,2.0,True,51,v1,bandit
54,v90-100_snow,2.0,True,52,v1,bandit
55,v70-90_snow,2.0,True,53,v1,bandit
56,v70-90_snow,2.0,True,54,v1,bandit
57,v90-100_wet,2.0,True,55,v1,bandit
58,v90-100_snow,2.0,True,56,v1,bandit
59,v70-90_wet,2.0,True,57,v1,bandit
60,v70-90_snow,2.0,True,58,v1,bandit
61,v90-100_wet,2.0,True,59,v1,bandit
62,v90-100_snow,2.0,True,60,v1,bandit
63,v70-90_wet,-0.1,False,60,v1,bandit
64,v70-90_snow,2.0,True,61,v1,bandit
65,v90-100_wet,2.0,True,62,v1,bandit
66,v90-100_snow,2.0,True,63,v1,bandit
67,v70-90_snow,2.0,True,64,v1,bandit
68,v90-100_wet,2.0,True,65,v1,bandit
69,v90-100_snow,2.0,True,66,v1,bandit
70,v70-90_snow,2.0,True,67,v1,bandit
71,v90-100_wet,2.0,True,68,v1,bandit
72,v90-100_snow,2.0,True,69,v1,bandit
73,v70-90_snow,2.0,True,70,v1,bandit
74,v90-100_wet,2.0,True,71,v1,bandit
75,v90-100_snow,2.0,True,72,v1,bandit
76,v70-90_snow,2.0,True,73,v1,bandit
77,v90-100_wet,2.0,True,74,v1,bandit
78,v90-100_snow,2.0,True,75,v1,bandit
79,v70-90_snow,2.0,True,76,v1,bandit
80,v90-100_wet,2.0,True,77,v1,bandit
81,v90-100_snow,2.0,True,78,v1,bandit
82,v70-90_snow,2.0,True,79,v1,bandit
83,v90-100_wet,2.0,True,80,v1,bandit
84,v90-100_snow,2.0,True,81,v1,bandit
85,v70-90_snow,2.0,True,82,v1,bandit
86,v90-100_wet,2.0,True,83,v1,bandit
87,v90-100_snow,2.0,True,84,v1,bandit
88,v70-90_snow,2.0,True,85,v1,bandit
89,v90-100_wet,2.0,True,86,v1,bandit
90,v90-100_snow,2.0,True,87,v1,bandit
91,v70-90_snow,2.0,True,88,v1,bandit
92,v90-100_wet,2.0,True,89,v1,bandit
93,v90-100_snow,2.0,True,90,v1,bandit
94,v70-90_snow,2.0,True,91,v1,bandit
95,v90-100_wet,2.0,True,92,v1,bandit
96,v90-100_snow,2.0,True,93,v1,bandit
97,v70-90_snow,2.0,True,94,v1,bandit
98,v90-100_wet,2.0,True,95,v1,bandit
99,v90-100_snow,2.0,True,96,v1,bandit
100,v70-90_snow,2.0,True,97,v1,bandit
101,v90-100_wet,2.0,True,98,v1,bandit
102,v90-100_snow,2.0,True,99,v1,bandit
103,v70-90_snow,-0.1,False,99,v1,bandit
104,v90-100_wet,2.0,True,100,v1,bandit
105,v90-100_snow,2.0,True,101,v1,bandit
106,v70-90_wet,2.0,True,102,v1,bandit
107,v70-90_wet,-0.1,False,102,v1,bandit
108,v90-100_wet,2.0,True,103,v1,bandit
109,v90-100_snow,2.0,True,104,v1,bandit
110,v90-100_wet,2.0,True,105,v1,bandit
111,v90-100_snow,2.0,True,106,v1,bandit
112,v90-100_wet,2.0,True,107,v1,bandit
113,v90-100_snow,2.0,True,108,v1,bandit
114,v90-100_wet,2.0,True,109,v1,bandit
115,v90-100_snow,2.0,True,110,v1,bandit
116,v90-100_wet,2.0,True,111,v1,bandit
117,v90-100_snow,2.0,True,112,v1,bandit
118,v90-100_wet,2.0,True,113,v1,bandit
119,v90-100_snow,2.0,True,114,v1,bandit
120,v90-100_wet,2.0,True,115,v1,bandit
121,v90-100_snow,2.0,True,116,v1,bandit
122,v90-100_wet,2.0,True,117,v1,bandit
123,v90-100_snow,2.0,True,118,v1,bandit
124,v90-100_wet,2.0,True,119,v1,bandit
125,v90-100_snow,2.0,True,120,v1,bandit
126,v90-100_wet,2.0,True,121,v1,bandit
127,v90-100_snow,2.0,True,122,v1,bandit
128,v90-100_wet,2.0,True,123,v1,bandit
129,v90-100_snow,2.0,True,124,v1,bandit
130,v70-90_snow,2.0,True,125,v1,bandit
131,v90-100_wet,2.0,True,126,v1,bandit
132,v90-100_snow,2.0,True,127,v1,bandit
133,v70-90_snow,2.0,True,128,v1,bandit
134,v90-100_wet,2.0,True,129,v1,bandit
135,v90-100_snow,2.0,True,130,v1,bandit
136,v70-90_snow,2.0,True,131,v1,bandit
137,v90-100_wet,2.0,True,132,v1,bandit
138,v90-100_snow,2.0,True,133,v1,bandit
139,v70-90_snow,2.0,True,134,v1,bandit
140,v70-90_dry,-0.1,False,134,v1,bandit
141,v70-90_fog_light,-0.1,False,134,v1,bandit
142,v70-90_fog_dense,-0.1,False,134,v1,bandit
143,v90-100_dry,-0.1,False,134,v1,bandit
144,v90-100_fog_light,-0.1,False,134,v1,bandit
145,v90-100_fog_dense,-0.1,False,134,v1,bandit
146,v10-30_dry,-0.1,False,134,v1,bandit
147,v10-30_fog_light,-0.1,False,134,v1,bandit
148,v10-30_fog_dense,-0.1,False,134,v1,bandit
149,v30-50_dry,-0.1,False,134,v1,bandit
150,v30-50_fog_light,-0.1,False,134,v1,bandit
151,v30-50_fog_dense,-0.1,False,134,v1,bandit
152,v50-70_dry,-0.1,False,134,v1,bandit
153,v50-70_fog_light,-0.1,False,134,v1,bandit
154,v50-70_fog_dense,-0.1,False,134,v1,bandit
155,v10-30_wet,-0.1,False,134,v1,bandit
156,v10-30_snow,-0.1,False,134,v1,bandit
157,v30-50_wet,-0.1,False,134,v1,bandit
158,v30-50_snow,4.0,True,135,v1,bandit
159,v30-50_snow,-0.1,False,135,v1,bandit
160,v30-50_snow,-0.1,False,135,v1,bandit
161,v50-70_wet,-0.1,False,135,v1,bandit
162,v50-70_snow,-0.1,False,135,v1,bandit
163,v90-100_wet,2.0,True,136,v1,bandit
164,v90-100_snow,2.0,True,137,v1,bandit
165,v70-90_snow,2.0,True,138,v1,bandit
166,v90-100_wet,2.0,True,139,v1,bandit
167,v90-100_snow,2.0,True,140,v1,bandit
168,v70-90_snow,2.0,True,141,v1,bandit
169,v90-100_wet,2.0,True,142,v1,bandit
170,v90-100_snow,2.0,True,143,v1,bandit
171,v70-90_snow,-0.1,False,143,v1,bandit
172,v90-100_wet,2.0,True,144,v1,bandit
173,v90-100_snow,2.0,True,145,v1,bandit
174,v90-100_wet,2.0,True,146,v1,bandit
175,v90-100_snow,2.0,True,147,v1,bandit
176,v70-90_wet,2.0,True,148,v1,bandit
177,v70-90_wet,2.0,True,149,v1,bandit
178,v70-90_wet,2.0,True,150,v1,bandit
179,v90-100_wet,2.0,True,151,v1,bandit
180,v90-100_snow,2.0,True,152,v1,bandit
181,v70-90_wet,2.0,True,153,v1,bandit
182,v70-90_wet,2.0,True,154,v1,bandit
183,v90-100_wet,2.0,True,155,v1,bandit
184,v90-100_snow,2.0,True,156,v1,bandit
185,v70-90_wet,2.0,True,157,v1,bandit
186,v70-90_wet,2.0,True,158,v1,bandit
187,v90-100_wet,2.0,True,159,v1,bandit
188,v90-100_snow,2.0,True,160,v1,bandit
189,v70-90_wet,2.0,True,161,v1,bandit
190,v90-100_wet,2.0,True,162,v1,bandit
191,v90-100_snow,2.0,True,163,v1,bandit
192,v70-90_wet,2.0,True,164,v1,bandit
193,v90-100_wet,2.0,True,165,v1,bandit
194,v90-100_snow,2.0,True,166,v1,bandit
195,v70-90_wet,2.0,True,167,v1,bandit
196,v70-90_wet,2.0,True,168,v1,bandit
197,v90-100_wet,2.0,True,169,v1,bandit
198,v90-100_snow,2.0,True,170,v1,bandit
199,v70-90_wet,2.0,True,171,v1,bandit
200,v90-100_wet,2.0,True,172,v1,bandit
201,v90-100_snow,2.0,True,173,v1,bandit
202,v70-90_wet,2.0,True,174,v1,bandit
203,v90-100_wet,2.0,True,175,v1,bandit
204,v90-100_snow,2.0,True,176,v1,bandit
205,v70-90_wet,2.0,True,177,v1,bandit
206,v90-100_wet,2.0,True,178,v1,bandit
207,v90-100_snow,2.0,True,179,v1,bandit
208,v70-90_wet,-0.1,False,179,v1,bandit
209,v90-100_wet,2.0,True,180,v1,bandit
210,v90-100_snow,2.0,True,181,v1,bandit
211,v90-100_wet,2.0,True,182,v1,bandit
212,v90-100_snow,2.0,True,183,v1,bandit
213,v30-50_snow,-0.1,False,183,v1,bandit
214,v90-100_wet,2.0,True,184,v1,bandit
215,v90-100_snow,2.0,True,185,v1,bandit
216,v90-100_wet,2.0,True,186,v1,bandit
217,v90-100_snow,2.0,True,187,v1,bandit
218,v70-90_snow,2.0,True,188,v1,bandit
219,v70-90_snow,2.0,True,189,v1,bandit
220,v90-100_wet,2.0,True,190,v1,bandit
221,v90-100_snow,2.0,True,191,v1,bandit
222,v70-90_snow,-0.1,False,191,v1,bandit
223,v90-100_wet,2.0,True,192,v1,bandit
224,v90-100_snow,2.0,True,193,v1,bandit
225,v90-100_wet,2.0,True,194,v1,bandit
226,v90-100_snow,2.0,True,195,v1,bandit
227,v90-100_wet,2.0,True,196,v1,bandit
228,v90-100_snow,2.0,True,197,v1,bandit
229,v90-100_wet,2.0,True,198,v1,bandit
230,v90-100_snow,2.0,True,199,v1,bandit
231,v90-100_wet,2.0,True,200,v1,bandit
232,v90-100_snow,2.0,True,201,v1,bandit
233,v90-100_wet,2.0,True,202,v1,bandit
234,v90-100_snow,2.0,True,203,v1,bandit
235,v90-100_wet,2.0,True,204,v1,bandit
236,v90-100_snow,2.0,True,205,v1,bandit
237,v90-100_wet,2.0,True,206,v1,bandit
238,v90-100_snow,2.0,True,207,v1,bandit
239,v90-100_wet,2.0,True,208,v1,bandit
240,v90-100_snow,2.0,True,209,v1,bandit
241,v90-100_wet,2.0,True,210,v1,bandit
242,v90-100_snow,2.0,True,211,v1,bandit
243,v90-100_wet,2.0,True,212,v1,bandit
244,v90-100_snow,2.0,True,213,v1,bandit
245,v90-100_wet,2.0,True,214,v1,bandit
246,v90-100_snow,2.0,True,215,v1,bandit
247,v90-100_wet,2.0,True,216,v1,bandit
248,v90-100_snow,2.0,True,217,v1,bandit
249,v90-100_wet,2.0,True,218,v1,bandit
250,v90-100_snow,2.0,True,219,v1,bandit
251,v90-100_wet,2.0,True,220,v1,bandit
252,v90-100_snow,2.0,True,221,v1,bandit
253,v70-90_wet,2.0,True,222,v1,bandit
254,v90-100_wet,2.0,True,223,v1,bandit
255,v90-100_snow,2.0,True,224,v1,bandit
256,v70-90_wet,-0.1,False,224,v1,bandit
257,v90-100_wet,2.0,True,225,v1,bandit
258,v90-100_snow,2.0,True,226,v1,bandit
259,v90-100_wet,2.0,True,227,v1,bandit
260,v90-100_snow,2.0,True,228,v1,bandit
261,v90-100_wet,2.0,True,229,v1,bandit
262,v90-100_snow,2.0,True,230,v1,bandit
263,v90-100_wet,2.0,True,231,v1,bandit
264,v90-100_snow,2.0,True,232,v1,bandit
265,v70-90_snow,-0.1,False,232,v1,bandit
266,v90-100_wet,2.0,True,233,v1,bandit
267,v90-100_snow,2.0,True,234,v1,bandit
268,v90-100_wet,2.0,True,235,v1,bandit
269,v90-100_snow,2.0,True,236,v1,bandit
270,v90-100_wet,2.0,True,237,v1,bandit
271,v90-100_snow,2.0,True,238,v1,bandit
272,v90-100_wet,2.0,True,239,v1,bandit
273,v90-100_snow,2.0,True,240,v1,bandit
274,v90-100_wet,2.0,True,241,v1,bandit
275,v90-100_snow,2.0,True,242,v1,bandit
276,v90-100_wet,2.0,True,243,v1,bandit
277,v90-100_snow,2.0,True,244,v1,bandit
278,v90-100_wet,2.0,True,245,v1,bandit
279,v90-100_snow,2.0,True,246,v1,bandit
280,v90-100_wet,2.0,True,247,v1,bandit
281,v90-100_snow,2.0,True,248,v1,bandit
282,v90-100_wet,2.0,True,249,v1,bandit
283,v90-100_snow,2.0,True,250,v1,bandit
284,v90-100_wet,2.0,True,251,v1,bandit
285,v90-100_snow,2.0,True,252,v1,bandit
286,v90-100_wet,2.0,True,253,v1,bandit
287,v90-100_snow,2.0,True,254,v1,bandit
288,v90-100_wet,2.0,True,255,v1,bandit
289,v90-100_snow,2.0,True,256,v1,bandit
290,v90-100_wet,2.0,True,257,v1,bandit
291,v90-100_snow,2.0,True,258,v1,bandit
292,v90-100_wet,2.0,True,259,v1,bandit
293,v90-100_snow,2.0,True,260,v1,bandit
294,v90-100_wet,2.0,True,261,v1,bandit
295,v90-100_snow,2.0,True,262,v1,bandit
296,v90-100_wet,2.0,True,263,v1,bandit
297,v90-100_snow,2.0,True,264,v1,bandit
298,v90-100_wet,2.0,True,265,v1,bandit
299,v90-100_snow,2.0,True,266,v1,bandit
300,v90-100_wet,2.0,True,267,v1,bandit
301,v90-100_snow,2.0,True,268,v1,bandit
302,v90-100_wet,2.0,True,269,v1,bandit
303,v90-100_snow,2.0,True,270,v1,bandit
304,v90-100_wet,2.0,True,271,v1,bandit
305,v90-100_snow,2.0,True,272,v1,bandit
306,v90-100_wet,2.0,True,273,v1,bandit
307,v90-100_snow,2.0,True,274,v1,bandit
308,v90-100_wet,2.0,True,275,v1,bandit
309,v90-100_snow,2.0,True,276,v1,bandit
310,v90-100_wet,2.0,True,277,v1,bandit
311,v90-100_snow,2.0,True,278,v1,bandit
312,v70-90_wet,2.0,True,279,v1,bandit
313,v70-90_wet,2.0,True,280,v1,bandit
314,v90-100_wet,2.0,True,281,v1,bandit
315,v90-100_snow,2.0,True,282,v1,bandit
316,v70-90_wet,-0.1,False,282,v1,bandit
317,v90-100_wet,2.0,True,283,v1,bandit
318,v90-100_snow,2.0,True,284,v1,bandit
319,v70-90_snow,2.0,True,285,v1,bandit
320,v70-90_snow,2.0,True,286,v1,bandit
321,v90-100_wet,2.0,True,287,v1,bandit
322,v90-100_snow,2.0,True,288,v1,bandit
323,v70-90_snow,2.0,True,289,v1,bandit
324,v90-100_wet,2.0,True,290,v1,bandit
325,v70-90_snow,2.0,True,291,v1,bandit
326,v90-100_snow,2.0,True,292,v1,bandit
327,v70-90_snow,2.0,True,293,v1,bandit
328,v90-100_wet,2.0,True,294,v1,bandit
329,v90-100_snow,2.0,True,295,v1,bandit
330,v70-90_snow,-0.1,False,295,v1,bandit
331,v90-100_wet,2.0,True,296,v1,bandit
332,v90-100_snow,2.0,True,297,v1,bandit
333,v90-100_wet,2.0,True,298,v1,bandit
334,v90-100_snow,2.0,True,299,v1,bandit
335,v90-100_wet,2.0,True,300,v1,bandit
336,v90-100_snow,2.0,True,301,v1,bandit
337,v90-100_wet,2.0,True,302,v1,bandit
338,v90-100_snow,2.0,True,303,v1,bandit
339,v90-100_wet,2.0,True,304,v1,bandit
340,v90-100_snow,2.0,True,305,v1,bandit
341,v90-100_wet,2.0,True,306,v1,bandit
342,v90-100_snow,2.0,True,307,v1,bandit
343,v90-100_wet,2.0,True,308,v1,bandit
344,v90-100_snow,2.0,True,309,v1,bandit
345,v90-100_wet,2.0,True,310,v1,bandit
346,v90-100_snow,2.0,True,311,v1,bandit
347,v90-100_wet,2.0,True,312,v1,bandit
348,v90-100_snow,2.0,True,313,v1,bandit
349,v90-100_wet,2.0,True,314,v1,bandit
350,v90-100_snow,2.0,True,315,v1,bandit
351,v90-100_wet,2.0,True,316,v1,bandit
352,v90-100_snow,2.0,True,317,v1,bandit
353,v90-100_wet,2.0,True,318,v1,bandit
354,v90-100_snow,2.0,True,319,v1,bandit
355,v90-100_wet,2.0,True,320,v1,bandit
356,v90-100_snow,2.0,True,321,v1,bandit
357,v90-100_wet,2.0,True,322,v1,bandit
358,v90-100_snow,2.0,True,323,v1,bandit
359,v70-90_dry,-0.1,False,323,v1,bandit
360,v70-90_fog_light,-0.1,False,323,v1,bandit
361,v70-90_fog_dense,-0.1,False,323,v1,bandit
362,v90-100_dry,-0.1,False,323,v1,bandit
363,v90-100_fog_light,2.0,True,324,v1,bandit
364,v90-100_fog_light,-0.1,False,324,v1,bandit
365,v90-100_fog_dense,-0.1,False,324,v1,bandit
366,v10-30_dry,-0.1,False,324,v1,bandit
367,v10-30_fog_light,-0.1,False,324,v1,bandit
368,v10-30_fog_dense,-0.1,False,324,v1,bandit
369,v30-50_dry,-0.1,False,324,v1,bandit
370,v30-50_fog_light,-0.1,False,324,v1,bandit
371,v30-50_fog_dense,-0.1,False,324,v1,bandit
372,v50-70_dry,-0.1,False,324,v1,bandit
373,v50-70_fog_light,-0.1,False,324,v1,bandit
374,v50-70_fog_dense,-0.1,False,324,v1,bandit
375,v10-30_wet,-0.1,False,324,v1,bandit
376,v10-30_snow,-0.1,False,324,v1,bandit
377,v30-50_wet,-0.1,False,324,v1,bandit
378,v50-70_wet,-0.1,False,324,v1,bandit
379,v50-70_snow,-0.1,False,324,v1,bandit
380,v90-100_wet,2.0,True,325,v1,bandit
381,v90-100_snow,2.0,True,326,v1,bandit
382,v90-100_wet,2.0,True,327,v1,bandit
383,v90-100_snow,2.0,True,328,v1,bandit
384,v90-100_wet,2.0,True,329,v1,bandit
385,v90-100_snow,2.0,True,330,v1,bandit
386,v90-100_wet,2.0,True,331,v1,bandit
387,v90-100_snow,2.0,True,332,v1,bandit
388,v90-100_wet,2.0,True,333,v1,bandit
389,v90-100_snow,2.0,True,334,v1,bandit
390,v90-100_wet,2.0,True,335,v1,bandit
391,v90-100_snow,2.0,True,336,v1,bandit
392,v90-100_wet,2.0,True,337,v1,bandit
393,v90-100_snow,2.0,True,338,v1,bandit
394,v90-100_wet,2.0,True,339,v1,bandit
395,v90-100_snow,2.0,True,340,v1,bandit
396,v90-100_wet,2.0,True,341,v1,bandit
397,v90-100_snow,2.0,True,342,v1,bandit
398,v90-100_wet,2.0,True,343,v1,bandit
399,v90-100_snow,2.0,True,344,v1,bandit
400,v90-100_wet,2.0,True,345,v1,bandit
401,v90-100_snow,2.0,True,346,v1,bandit
402,v90-100_wet,2.0,True,347,v1,bandit
403,v90-100_snow,2.0,True,348,v1,bandit
404,v90-100_wet,2.0,True,349,v1,bandit
405,v90-100_snow,2.0,True,350,v1,bandit
406,v90-100_wet,2.0,True,351,v1,bandit
407,v90-100_snow,2.0,True,352,v1,bandit
408,v90-100_wet,2.0,True,353,v1,bandit
409,v90-100_snow,2.0,True,354,v1,bandit
410,v70-90_wet,2.0,True,355,v1,bandit
411,v70-90_wet,2.0,True,356,v1,bandit
412,v70-90_wet,2.0,True,357,v1,bandit
413,v70-90_wet,2.0,True,358,v1,bandit
414,v70-90_wet,2.0,True,359,v1,bandit
415,v70-90_wet,2.0,True,360,v1,bandit
416,v70-90_wet,-0.1,False,360,v1,bandit
417,v70-90_snow,2.0,True,361,v1,bandit
418,v30-50_snow,-0.1,False,361,v1,bandit
419,v70-90_snow,2.0,True,362,v1,bandit
420,v70-90_snow,2.0,True,363,v1,bandit
421,v90-100_wet,2.0,True,364,v1,bandit
422,v90-100_snow,2.0,True,365,v1,bandit
423,v70-90_snow,-0.1,False,365,v1,bandit
424,v90-100_wet,2.0,True,366,v1,bandit
425,v90-100_snow,2.0,True,367,v1,bandit
426,v90-100_wet,2.0,True,368,v1,bandit
427,v90-100_snow,2.0,True,369,v1,bandit
428,v90-100_wet,2.0,True,370,v1,bandit
429,v90-100_snow,2.0,True,371,v1,bandit
430,v90-100_wet,2.0,True,372,v1,bandit
431,v90-100_snow,2.0,True,373,v1,bandit
432,v90-100_wet,2.0,True,374,v1,bandit
433,v90-100_snow,2.0,True,375,v1,bandit
434,v90-100_wet,2.0,True,376,v1,bandit
435,v90-100_snow,2.0,True,377,v1,bandit
436,v90-100_wet,2.0,True,378,v1,bandit
437,v90-100_snow,2.0,True,379,v1,bandit
438,v90-100_wet,2.0,True,380,v1,bandit
439,v90-100_snow,2.0,True,381,v1,bandit
440,v90-100_wet,2.0,True,382,v1,bandit
441,v90-100_snow,2.0,True,383,v1,bandit
442,v90-100_wet,2.0,True,384,v1,bandit
443,v90-100_snow,2.0,True,385,v1,bandit
444,v90-100_wet,2.0,True,386,v1,bandit
445,v90-100_snow,2.0,True,387,v1,bandit
446,v90-100_wet,2.0,True,388,v1,bandit
447,v90-100_snow,2.0,True,389,v1,bandit
448,v90-100_wet,2.0,True,390,v1,bandit
449,v90-100_snow,2.0,True,391,v1,bandit
450,v90-100_wet,2.0,True,392,v1,bandit
451,v90-100_snow,2.0,True,393,v1,bandit
452,v90-100_wet,2.0,True,394,v1,bandit
453,v90-100_snow,2.0,True,395,v1,bandit
454,v90-100_wet,2.0,True,396,v1,bandit
455,v90-100_snow,2.0,True,397,v1,bandit
456,v90-100_wet,2.0,True,398,v1,bandit
457,v90-100_snow,2.0,True,399,v1,bandit
458,v90-100_wet,2.0,True,400,v1,bandit
459,v90-100_snow,2.0,True,401,v1,bandit
460,v90-100_wet,2.0,True,402,v1,bandit
461,v90-100_snow,2.0,True,403,v1,bandit
462,v90-100_wet,2.0,True,404,v1,bandit
463,v90-100_snow,2.0,True,405,v1,bandit
464,v90-100_wet,2.0,True,406,v1,bandit
465,v90-100_snow,2.0,True,407,v1,bandit
466,v90-100_wet,2.0,True,408,v1,bandit
467,v90-100_snow,2.0,True,409,v1,bandit
468,v90-100_wet,2.0,True,410,v1,bandit
469,v90-100_snow,2.0,True,411,v1,bandit
470,v90-100_wet,2.0,True,412,v1,bandit
471,v90-100_snow,2.0,True,413,v1,bandit
472,v90-100_wet,2.0,True,414,v1,bandit
473,v90-100_snow,2.0,True,415,v1,bandit
474,v90-100_wet,2.0,True,416,v1,bandit
475,v90-100_snow,2.0,True,417,v1,bandit
476,v90-100_wet,2.0,True,418,v1,bandit
477,v90-100_snow,2.0,True,419,v1,bandit
478,v90-100_wet,2.0,True,420,v1,bandit
479,v90-100_snow,2.0,True,421,v1,bandit
480,v90-100_wet,2.0,True,422,v1,bandit
481,v90-100_snow,2.0,True,423,v1,bandit
482,v90-100_wet,2.0,True,424,v1,bandit
483,v90-100_snow,2.0,True,425,v1,bandit
484,v90-100_wet,2.0,True,426,v1,bandit
485,v90-100_snow,2.0,True,427,v1,bandit
486,v90-100_wet,2.0,True,428,v1,bandit
487,v90-100_snow,2.0,True,429,v1,bandit
488,v90-100_wet,2.0,True,430,v1,bandit
489,v90-100_snow,2.0,True,431,v1,bandit
490,v90-100_wet,2.0,True,432,v1,bandit
491,v90-100_snow,2.0,True,433,v1,bandit
492,v90-100_wet,2.0,True,434,v1,bandit
493,v90-100_snow,2.0,True,435,v1,bandit
494,v90-100_wet,2.0,True,436,v1,bandit
495,v90-100_snow,2.0,True,437,v1,bandit
496,v90-100_wet,2.0,True,438,v1,bandit
497,v90-100_snow,2.0,True,439,v1,bandit
498,v70-90_snow,2.0,True,440,v1,bandit
499,v70-90_snow,2.0,True,441,v1,bandit
500,v70-90_snow,2.0,True,442,v1,bandit
1,v70-90_snow,-0.1,False,0,v2,bandit
2,v90-100_snow,-0.1,False,0,v2,bandit
3,v70-90_wet,-0.1,False,0,v2,bandit
4,v90-100_wet,-0.1,False,0,v2,bandit
5,v70-90_wet,-0.1,False,0,v2,bandit
6,v70-90_snow,-0.1,False,0,v2,bandit
7,v90-100_snow,-0.1,False,0,v2,bandit
8,v90-100_wet,-0.1,False,0,v2,bandit
9,v70-90_snow,-0.1,False,0,v2,bandit
10,v90-100_snow,-0.1,False,0,v2,bandit
11,v70-90_wet,-0.1,False,0,v2,bandit
12,v90-100_wet,-0.1,False,0,v2,bandit
13,v70-90_dry,-0.1,False,0,v2,bandit
14,v70-90_fog_light,-0.1,False,0,v2,bandit
15,v70-90_fog_dense,4.0,True,1,v2,bandit
16,v70-90_fog_dense,2.0,True,2,v2,bandit
17,v70-90_fog_dense,2.0,True,3,v2,bandit
18,v70-90_fog_dense,-0.1,False,3,v2,bandit
19,v70-90_fog_dense,2.0,True,4,v2,bandit
20,v70-90_fog_dense,2.0,True,5,v2,bandit
21,v70-90_fog_dense,2.0,True,6,v2,bandit
22,v70-90_fog_dense,2.0,True,7,v2,bandit
23,v70-90_fog_dense,2.0,True,8,v2,bandit
24,v70-90_fog_dense,-0.1,False,8,v2,bandit
25,v70-90_fog_dense,2.0,True,9,v2,bandit
26,v70-90_fog_dense,-0.1,False,9,v2,bandit
27,v70-90_fog_dense,2.0,True,10,v2,bandit
28,v70-90_fog_dense,2.0,True,11,v2,bandit
29,v70-90_fog_dense,-0.1,False,11,v2,bandit
30,v70-90_fog_dense,-0.1,False,11,v2,bandit
31,v90-100_dry,-0.1,False,11,v2,bandit
32,v90-100_fog_light,-0.1,False,11,v2,bandit
33,v90-100_fog_dense,4.0,True,12,v2,bandit
34,v90-100_fog_dense,2.0,True,13,v2,bandit
35,v90-100_fog_dense,2.0,True,14,v2,bandit
36,v90-100_fog_dense,2.0,True,15,v2,bandit
37,v90-100_fog_dense,2.0,True,16,v2,bandit
38,v90-100_fog_dense,2.0,True,17,v2,bandit
39,v90-100_fog_dense,2.0,True,18,v2,bandit
40,v90-100_fog_dense,2.0,True,19,v2,bandit
41,v90-100_fog_dense,2.0,True,20,v2,bandit
42,v90-100_fog_dense,2.0,True,21,v2,bandit
43,v90-100_fog_dense,2.0,True,22,v2,bandit
44,v90-100_fog_dense,2.0,True,23,v2,bandit
45,v90-100_fog_dense,2.0,True,24,v2,bandit
46,v90-100_fog_dense,2.0,True,25,v2,bandit
47,v90-100_fog_dense,2.0,True,26,v2,bandit
48,v90-100_fog_dense,2.0,True,27,v2,bandit
49,v90-100_fog_dense,2.0,True,28,v2,bandit
50,v90-100_fog_dense,2.0,True,29,v2,bandit
51,v90-100_fog_dense,2.0,True,30,v2,bandit
52,v90-100_fog_dense,2.0,True,31,v2,bandit
53,v90-100_fog_dense,2.0,True,32,v2,bandit
54,v90-100_fog_dense,2.0,True,33,v2,bandit
55,v90-100_fog_dense,2.0,True,34,v2,bandit
56,v90-100_fog_dense,2.0,True,35,v2,bandit
57,v90-100_fog_dense,2.0,True,36,v2,bandit
58,v90-100_fog_dense,2.0,True,37,v2,bandit
59,v90-100_fog_dense,2.0,True,38,v2,bandit
60,v90-100_fog_dense,2.0,True,39,v2,bandit
61,v90-100_fog_dense,2.0,True,40,v2,bandit
62,v90-100_fog_dense,2.0,True,41,v2,bandit
63,v90-100_fog_dense,2.0,True,42,v2,bandit
64,v90-100_fog_dense,2.0,True,43,v2,bandit
65,v90-100_fog_dense,2.0,True,44,v2,bandit
66,v90-100_fog_dense,2.0,True,45,v2,bandit
67,v90-100_fog_dense,2.0,True,46,v2,bandit
68,v90-100_fog_dense,2.0,True,47,v2,bandit
69,v90-100_fog_dense,2.0,True,48,v2,bandit
70,v90-100_fog_dense,2.0,True,49,v2,bandit
71,v90-100_fog_dense,2.0,True,50,v2,bandit
72,v90-100_fog_dense,2.0,True,51,v2,bandit
73,v90-100_fog_dense,2.0,True,52,v2,bandit
74,v90-100_fog_dense,2.0,True,53,v2,bandit
75,v90-100_fog_dense,2.0,True,54,v2,bandit
76,v90-100_fog_dense,2.0,True,55,v2,bandit
77,v90-100_fog_dense,2.0,True,56,v2,bandit
78,v90-100_fog_dense,2.0,True,57,v2,bandit
79,v90-100_fog_dense,2.0,True,58,v2,bandit
80,v90-100_fog_dense,2.0,True,59,v2,bandit
81,v90-100_fog_dense,2.0,True,60,v2,bandit
82,v90-100_fog_dense,2.0,True,61,v2,bandit
83,v90-100_fog_dense,2.0,True,62,v2,bandit
84,v90-100_fog_dense,2.0,True,63,v2,bandit
85,v90-100_fog_dense,2.0,True,64,v2,bandit
86,v90-100_fog_dense,2.0,True,65,v2,bandit
87,v90-100_fog_dense,2.0,True,66,v2,bandit
88,v90-100_fog_dense,2.0,True,67,v2,bandit
89,v90-100_fog_dense,2.0,True,68,v2,bandit
90,v90-100_fog_dense,2.0,True,69,v2,bandit
91,v90-100_fog_dense,2.0,True,70,v2,bandit
92,v90-100_fog_dense,2.0,True,71,v2,bandit
93,v90-100_fog_dense,2.0,True,72,v2,bandit
94,v90-100_fog_dense,2.0,True,73,v2,bandit
95,v90-100_fog_dense,2.0,True,74,v2,bandit
96,v10-30_dry,-0.1,False,74,v2,bandit
97,v10-30_fog_light,-0.1,False,74,v2,bandit
98,v10-30_fog_dense,-0.1,False,74,v2,bandit
99,v30-50_dry,-0.1,False,74,v2,bandit
100,v30-50_fog_light,-0.1,False,74,v2,bandit
101,v30-50_fog_dense,-0.1,False,74,v2,bandit
102,v50-70_dry,-0.1,False,74,v2,bandit
103,v50-70_fog_light,-0.1,False,74,v2,bandit
104,v50-70_fog_dense,-0.1,False,74,v2,bandit
105,v10-30_wet,-0.1,False,74,v2,bandit
106,v10-30_snow,-0.1,False,74,v2,bandit
107,v30-50_wet,-0.1,False,74,v2,bandit
108,v30-50_snow,-0.1,False,74,v2,bandit
109,v50-70_wet,-0.1,False,74,v2,bandit
110,v50-70_snow,-0.1,False,74,v2,bandit
111,v90-100_fog_dense,2.0,True,75,v2,bandit
112,v90-100_fog_dense,2.0,True,76,v2,bandit
113,v90-100_fog_dense,2.0,True,77,v2,bandit
114,v90-100_fog_dense,2.0,True,78,v2,bandit
115,v90-100_fog_dense,2.0,True,79,v2,bandit
116,v90-100_fog_dense,2.0,True,80,v2,bandit
117,v90-100_fog_dense,2.0,True,81,v2,bandit
118,v90-100_fog_dense,2.0,True,82,v2,bandit
119,v90-100_fog_dense,2.0,True,83,v2,bandit
120,v90-100_fog_dense,2.0,True,84,v2,bandit
121,v90-100_fog_dense,2.0,True,85,v2,bandit
122,v90-100_fog_dense,2.0,True,86,v2,bandit
123,v90-100_fog_dense,2.0,True,87,v2,bandit
124,v90-100_fog_dense,2.0,True,88,v2,bandit
125,v90-100_fog_dense,2.0,True,89,v2,bandit
126,v90-100_fog_dense,2.0,True,90,v2,bandit
127,v90-100_fog_dense,2.0,True,91,v2,bandit
128,v90-100_fog_dense,2.0,True,92,v2,bandit
129,v90-100_fog_dense,2.0,True,93,v2,bandit
130,v90-100_fog_dense,2.0,True,94,v2,bandit
131,v90-100_fog_dense,2.0,True,95,v2,bandit
132,v90-100_fog_dense,2.0,True,96,v2,bandit
133,v90-100_fog_dense,2.0,True,97,v2,bandit
134,v90-100_fog_dense,2.0,True,98,v2,bandit
135,v90-100_fog_dense,2.0,True,99,v2,bandit
136,v90-100_fog_dense,2.0,True,100,v2,bandit
137,v90-100_fog_dense,2.0,True,101,v2,bandit
138,v90-100_fog_dense,2.0,True,102,v2,bandit
139,v90-100_fog_dense,2.0,True,103,v2,bandit
140,v90-100_fog_dense,2.0,True,104,v2,bandit
141,v90-100_fog_dense,2.0,True,105,v2,bandit
142,v90-100_fog_dense,2.0,True,106,v2,bandit
143,v90-100_fog_dense,2.0,True,107,v2,bandit
144,v90-100_fog_dense,2.0,True,108,v2,bandit
145,v90-100_fog_dense,2.0,True,109,v2,bandit
146,v90-100_fog_dense,2.0,True,110,v2,bandit
147,v90-100_fog_dense,2.0,True,111,v2,bandit
148,v90-100_fog_dense,2.0,True,112,v2,bandit
149,v90-100_fog_dense,2.0,True,113,v2,bandit
150,v90-100_fog_dense,2.0,True,114,v2,bandit
151,v90-100_fog_dense,2.0,True,115,v2,bandit
152,v90-100_fog_dense,2.0,True,116,v2,bandit
153,v90-100_fog_dense,2.0,True,117,v2,bandit
154,v90-100_fog_dense,2.0,True,118,v2,bandit
155,v90-100_fog_dense,2.0,True,119,v2,bandit
156,v90-100_fog_dense,2.0,True,120,v2,bandit
157,v90-100_fog_dense,2.0,True,121,v2,bandit
158,v90-100_fog_dense,2.0,True,122,v2,bandit
159,v90-100_fog_dense,2.0,True,123,v2,bandit
160,v90-100_fog_dense,2.0,True,124,v2,bandit
161,v90-100_fog_dense,2.0,True,125,v2,bandit
162,v90-100_fog_dense,2.0,True,126,v2,bandit
163,v90-100_fog_dense,2.0,True,127,v2,bandit
164,v90-100_fog_dense,2.0,True,128,v2,bandit
165,v90-100_fog_dense,2.0,True,129,v2,bandit
166,v90-100_fog_dense,2.0,True,130,v2,bandit
167,v90-100_fog_dense,2.0,True,131,v2,bandit
168,v90-100_fog_dense,2.0,True,132,v2,bandit
169,v90-100_fog_dense,2.0,True,133,v2,bandit
170,v90-100_fog_dense,2.0,True,134,v2,bandit
171,v90-100_fog_dense,2.0,True,135,v2,bandit
172,v90-100_fog_dense,2.0,True,136,v2,bandit
173,v90-100_fog_dense,2.0,True,137,v2,bandit
174,v90-100_fog_dense,2.0,True,138,v2,bandit
175,v90-100_fog_dense,2.0,True,139,v2,bandit
176,v90-100_fog_dense,2.0,True,140,v2,bandit
177,v90-100_fog_dense,2.0,True,141,v2,bandit
178,v90-100_fog_dense,2.0,True,142,v2,bandit
179,v90-100_fog_dense,2.0,True,143,v2,bandit
180,v90-100_fog_dense,2.0,True,144,v2,bandit
181,v90-100_fog_dense,2.0,True,145,v2,bandit
182,v90-100_fog_dense,2.0,True,146,v2,bandit
183,v90-100_fog_dense,2.0,True,147,v2,bandit
184,v90-100_fog_dense,2.0,True,148,v2,bandit
185,v90-100_fog_dense,2.0,True,149,v2,bandit
186,v90-100_fog_dense,2.0,True,150,v2,bandit
187,v90-100_fog_dense,2.0,True,151,v2,bandit
188,v90-100_fog_dense,2.0,True,152,v2,bandit
189,v90-100_fog_dense,2.0,True,153,v2,bandit
190,v90-100_fog_dense,2.0,True,154,v2,bandit
191,v90-100_fog_dense,2.0,True,155,v2,bandit
192,v90-100_fog_dense,2.0,True,156,v2,bandit
193,v90-100_fog_dense,2.0,True,157,v2,bandit
194,v90-100_fog_dense,2.0,True,158,v2,bandit
195,v90-100_fog_dense,2.0,True,159,v2,bandit
196,v90-100_fog_dense,2.0,True,160,v2,bandit
197,v90-100_fog_dense,2.0,True,161,v2,bandit
198,v90-100_fog_dense,2.0,True,162,v2,bandit
199,v90-100_fog_dense,2.0,True,163,v2,bandit
200,v90-100_fog_dense,2.0,True,164,v2,bandit
201,v90-100_fog_dense,2.0,True,165,v2,bandit
202,v90-100_fog_dense,2.0,True,166,v2,bandit
203,v90-100_fog_dense,2.0,True,167,v2,bandit
204,v90-100_fog_dense,2.0,True,168,v2,bandit
205,v90-100_fog_dense,2.0,True,169,v2,bandit
206,v90-100_fog_dense,2.0,True,170,v2,bandit
207,v90-100_fog_dense,2.0,True,171,v2,bandit
208,v90-100_fog_dense,2.0,True,172,v2,bandit
209,v70-90_snow,-0.1,False,172,v2,bandit
210,v70-90_wet,-0.1,False,172,v2,bandit
211,v90-100_snow,-0.1,False,172,v2,bandit
212,v90-100_wet,-0.1,False,172,v2,bandit
213,v90-100_fog_dense,2.0,True,173,v2,bandit
214,v90-100_fog_dense,2.0,True,174,v2,bandit
215,v90-100_fog_dense,2.0,True,175,v2,bandit
216,v90-100_fog_dense,2.0,True,176,v2,bandit
217,v90-100_fog_dense,2.0,True,177,v2,bandit
218,v90-100_fog_dense,2.0,True,178,v2,bandit
219,v90-100_fog_dense,2.0,True,179,v2,bandit
220,v90-100_fog_dense,2.0,True,180,v2,bandit
221,v90-100_fog_dense,2.0,True,181,v2,bandit
222,v90-100_fog_dense,2.0,True,182,v2,bandit
223,v90-100_fog_dense,2.0,True,183,v2,bandit
224,v90-100_fog_dense,2.0,True,184,v2,bandit
225,v90-100_fog_dense,2.0,True,185,v2,bandit
226,v90-100_fog_dense,2.0,True,186,v2,bandit
227,v90-100_fog_dense,2.0,True,187,v2,bandit
228,v90-100_fog_dense,2.0,True,188,v2,bandit
229,v90-100_fog_dense,2.0,True,189,v2,bandit
230,v90-100_fog_dense,2.0,True,190,v2,bandit
231,v90-100_fog_dense,2.0,True,191,v2,bandit
232,v90-100_fog_dense,2.0,True,192,v2,bandit
233,v90-100_fog_dense,2.0,True,193,v2,bandit
234,v90-100_fog_dense,2.0,True,194,v2,bandit
235,v90-100_fog_dense,2.0,True,195,v2,bandit
236,v90-100_fog_dense,2.0,True,196,v2,bandit
237,v90-100_fog_dense,2.0,True,197,v2,bandit
238,v90-100_fog_dense,2.0,True,198,v2,bandit
239,v90-100_fog_dense,2.0,True,199,v2,bandit
240,v90-100_fog_dense,2.0,True,200,v2,bandit
241,v90-100_fog_dense,2.0,True,201,v2,bandit
242,v70-90_dry,-0.1,False,201,v2,bandit
243,v70-90_fog_light,-0.1,False,201,v2,bandit
244,v90-100_dry,-0.1,False,201,v2,bandit
245,v90-100_fog_light,-0.1,False,201,v2,bandit
246,v10-30_dry,-0.1,False,201,v2,bandit
247,v10-30_fog_light,-0.1,False,201,v2,bandit
248,v10-30_fog_dense,-0.1,False,201,v2,bandit
249,v30-50_dry,-0.1,False,201,v2,bandit
250,v30-50_fog_light,-0.1,False,201,v2,bandit
251,v30-50_fog_dense,-0.1,False,201,v2,bandit
252,v50-70_dry,-0.1,False,201,v2,bandit
253,v50-70_fog_light,-0.1,False,201,v2,bandit
254,v50-70_fog_dense,-0.1,False,201,v2,bandit
255,v10-30_wet,-0.1,False,201,v2,bandit
256,v10-30_snow,-0.1,False,201,v2,bandit
257,v30-50_wet,-0.1,False,201,v2,bandit
258,v30-50_snow,-0.1,False,201,v2,bandit
259,v50-70_wet,-0.1,False,201,v2,bandit
260,v50-70_snow,-0.1,False,201,v2,bandit
261,v70-90_fog_dense,2.0,True,202,v2,bandit
262,v70-90_fog_dense,2.0,True,203,v2,bandit
263,v70-90_fog_dense,2.0,True,204,v2,bandit
264,v70-90_fog_dense,2.0,True,205,v2,bandit
265,v70-90_fog_dense,-0.1,False,205,v2,bandit
266,v90-100_fog_dense,2.0,True,206,v2,bandit
267,v90-100_fog_dense,2.0,True,207,v2,bandit
268,v90-100_fog_dense,2.0,True,208,v2,bandit
269,v90-100_fog_dense,2.0,True,209,v2,bandit
270,v90-100_fog_dense,2.0,True,210,v2,bandit
271,v90-100_fog_dense,2.0,True,211,v2,bandit
272,v90-100_fog_dense,2.0,True,212,v2,bandit
273,v90-100_fog_dense,2.0,True,213,v2,bandit
274,v90-100_fog_dense,2.0,True,214,v2,bandit
275,v90-100_fog_dense,2.0,True,215,v2,bandit
276,v90-100_fog_dense,2.0,True,216,v2,bandit
277,v90-100_fog_dense,2.0,True,217,v2,bandit
278,v90-100_fog_dense,2.0,True,218,v2,bandit
279,v90-100_fog_dense,2.0,True,219,v2,bandit
280,v90-100_fog_dense,2.0,True,220,v2,bandit
281,v90-100_fog_dense,2.0,True,221,v2,bandit
282,v90-100_fog_dense,2.0,True,222,v2,bandit
283,v90-100_fog_dense,2.0,True,223,v2,bandit
284,v90-100_fog_dense,2.0,True,224,v2,bandit
285,v90-100_fog_dense,2.0,True,225,v2,bandit
286,v90-100_fog_dense,2.0,True,226,v2,bandit
287,v90-100_fog_dense,2.0,True,227,v2,bandit
288,v90-100_fog_dense,2.0,True,228,v2,bandit
289,v90-100_fog_dense,2.0,True,229,v2,bandit
290,v90-100_fog_dense,2.0,True,230,v2,bandit
291,v90-100_fog_dense,2.0,True,231,v2,bandit
292,v90-100_fog_dense,2.0,True,232,v2,bandit
293,v90-100_fog_dense,2.0,True,233,v2,bandit
294,v90-100_fog_dense,2.0,True,234,v2,bandit
295,v90-100_fog_dense,2.0,True,235,v2,bandit
296,v90-100_fog_dense,2.0,True,236,v2,bandit
297,v90-100_fog_dense,2.0,True,237,v2,bandit
298,v90-100_fog_dense,2.0,True,238,v2,bandit
299,v90-100_fog_dense,2.0,True,239,v2,bandit
300,v90-100_fog_dense,2.0,True,240,v2,bandit
301,v90-100_fog_dense,2.0,True,241,v2,bandit
302,v90-100_fog_dense,2.0,True,242,v2,bandit
303,v90-100_fog_dense,2.0,True,243,v2,bandit
304,v90-100_fog_dense,2.0,True,244,v2,bandit
305,v90-100_fog_dense,2.0,True,245,v2,bandit
306,v90-100_fog_dense,2.0,True,246,v2,bandit
307,v90-100_fog_dense,2.0,True,247,v2,bandit
308,v90-100_fog_dense,2.0,True,248,v2,bandit
309,v90-100_fog_dense,2.0,True,249,v2,bandit
310,v90-100_fog_dense,2.0,True,250,v2,bandit
311,v90-100_fog_dense,2.0,True,251,v2,bandit
312,v90-100_fog_dense,2.0,True,252,v2,bandit
313,v90-100_fog_dense,2.0,True,253,v2,bandit
314,v90-100_fog_dense,2.0,True,254,v2,bandit
315,v90-100_fog_dense,2.0,True,255,v2,bandit
316,v90-100_fog_dense,2.0,True,256,v2,bandit
317,v90-100_fog_dense,2.0,True,257,v2,bandit
318,v90-100_fog_dense,2.0,True,258,v2,bandit
319,v90-100_fog_dense,2.0,True,259,v2,bandit
320,v90-100_fog_dense,2.0,True,260,v2,bandit
321,v70-90_fog_dense,2.0,True,261,v2,bandit
322,v70-90_fog_dense,2.0,True,262,v2,bandit
323,v70-90_fog_dense,2.0,True,263,v2,bandit
324,v70-90_fog_dense,2.0,True,264,v2,bandit
325,v70-90_fog_dense,2.0,True,265,v2,bandit
326,v70-90_fog_dense,2.0,True,266,v2,bandit
327,v70-90_fog_dense,2.0,True,267,v2,bandit
328,v70-90_fog_dense,2.0,True,268,v2,bandit
329,v70-90_fog_dense,-0.1,False,268,v2,bandit
330,v90-100_fog_dense,2.0,True,269,v2,bandit
331,v90-100_fog_dense,2.0,True,270,v2,bandit
332,v90-100_fog_dense,2.0,True,271,v2,bandit
333,v90-100_fog_dense,2.0,True,272,v2,bandit
334,v90-100_fog_dense,2.0,True,273,v2,bandit
335,v90-100_fog_dense,2.0,True,274,v2,bandit
336,v90-100_fog_dense,2.0,True,275,v2,bandit
337,v90-100_fog_dense,2.0,True,276,v2,bandit
338,v90-100_fog_dense,2.0,True,277,v2,bandit
339,v90-100_fog_dense,2.0,True,278,v2,bandit
340,v90-100_fog_dense,2.0,True,279,v2,bandit
341,v90-100_fog_dense,2.0,True,280,v2,bandit
342,v90-100_fog_dense,2.0,True,281,v2,bandit
343,v90-100_fog_dense,2.0,True,282,v2,bandit
344,v90-100_fog_dense,2.0,True,283,v2,bandit
345,v90-100_fog_dense,2.0,True,284,v2,bandit
346,v90-100_fog_dense,2.0,True,285,v2,bandit
347,v90-100_fog_dense,2.0,True,286,v2,bandit
348,v90-100_fog_dense,2.0,True,287,v2,bandit
349,v90-100_fog_dense,2.0,True,288,v2,bandit
350,v90-100_fog_dense,2.0,True,289,v2,bandit
351,v90-100_fog_dense,2.0,True,290,v2,bandit
352,v90-100_fog_dense,2.0,True,291,v2,bandit
353,v90-100_fog_dense,2.0,True,292,v2,bandit
354,v90-100_fog_dense,2.0,True,293,v2,bandit
355,v90-100_fog_dense,2.0,True,294,v2,bandit
356,v90-100_fog_dense,2.0,True,295,v2,bandit
357,v90-100_fog_dense,2.0,True,296,v2,bandit
358,v70-90_fog_dense,2.0,True,297,v2,bandit
359,v70-90_fog_dense,2.0,True,298,v2,bandit
360,v70-90_fog_dense,2.0,True,299,v2,bandit
361,v70-90_fog_dense,2.0,True,300,v2,bandit
362,v70-90_fog_dense,2.0,True,301,v2,bandit
363,v70-90_fog_dense,2.0,True,302,v2,bandit
364,v70-90_fog_dense,2.0,True,303,v2,bandit
365,v70-90_fog_dense,2.0,True,304,v2,bandit
366,v70-90_fog_dense,2.0,True,305,v2,bandit
367,v70-90_fog_dense,2.0,True,306,v2,bandit
368,v70-90_fog_dense,2.0,True,307,v2,bandit
369,v70-90_fog_dense,-0.1,False,307,v2,bandit
370,v90-100_fog_dense,2.0,True,308,v2,bandit
371,v90-100_fog_dense,2.0,True,309,v2,bandit
372,v90-100_fog_dense,2.0,True,310,v2,bandit
373,v90-100_fog_dense,2.0,True,311,v2,bandit
374,v90-100_fog_dense,2.0,True,312,v2,bandit
375,v90-100_fog_dense,2.0,True,313,v2,bandit
376,v90-100_fog_dense,2.0,True,314,v2,bandit
377,v90-100_fog_dense,2.0,True,315,v2,bandit
378,v90-100_fog_dense,2.0,True,316,v2,bandit
379,v90-100_fog_dense,2.0,True,317,v2,bandit
380,v90-100_fog_dense,2.0,True,318,v2,bandit
381,v90-100_fog_dense,2.0,True,319,v2,bandit
382,v90-100_fog_dense,2.0,True,320,v2,bandit
383,v90-100_fog_dense,2.0,True,321,v2,bandit
384,v90-100_fog_dense,2.0,True,322,v2,bandit
385,v90-100_fog_dense,2.0,True,323,v2,bandit
386,v90-100_fog_dense,2.0,True,324,v2,bandit
387,v90-100_fog_dense,2.0,True,325,v2,bandit
388,v90-100_fog_dense,2.0,True,326,v2,bandit
389,v90-100_fog_dense,2.0,True,327,v2,bandit
390,v90-100_fog_dense,2.0,True,328,v2,bandit
391,v90-100_fog_dense,2.0,True,329,v2,bandit
392,v90-100_fog_dense,2.0,True,330,v2,bandit
393,v90-100_fog_dense,2.0,True,331,v2,bandit
394,v90-100_fog_dense,2.0,True,332,v2,bandit
395,v90-100_fog_dense,2.0,True,333,v2,bandit
396,v90-100_fog_dense,2.0,True,334,v2,bandit
397,v90-100_fog_dense,2.0,True,335,v2,bandit
398,v90-100_fog_dense,2.0,True,336,v2,bandit
399,v70-90_fog_dense,2.0,True,337,v2,bandit
400,v70-90_fog_dense,2.0,True,338,v2,bandit
401,v70-90_fog_dense,2.0,True,339,v2,bandit
402,v70-90_fog_dense,2.0,True,340,v2,bandit
403,v70-90_fog_dense,2.0,True,341,v2,bandit
404,v70-90_fog_dense,2.0,True,342,v2,bandit
405,v70-90_fog_dense,2.0,True,343,v2,bandit
406,v70-90_fog_dense,2.0,True,344,v2,bandit
407,v70-90_fog_dense,2.0,True,345,v2,bandit
408,v70-90_fog_dense,2.0,True,346,v2,bandit
409,v70-90_fog_dense,-0.1,False,346,v2,bandit
410,v90-100_fog_dense,2.0,True,347,v2,bandit
411,v90-100_fog_dense,2.0,True,348,v2,bandit
412,v90-100_fog_dense,2.0,True,349,v2,bandit
413,v90-100_fog_dense,2.0,True,350,v2,bandit
414,v90-100_fog_dense,2.0,True,351,v2,bandit
415,v90-100_fog_dense,2.0,True,352,v2,bandit
416,v90-100_fog_dense,2.0,True,353,v2,bandit
417,v90-100_fog_dense,2.0,True,354,v2,bandit
418,v90-100_fog_dense,2.0,True,355,v2,bandit
419,v90-100_fog_dense,2.0,True,356,v2,bandit
420,v90-100_fog_dense,2.0,True,357,v2,bandit
421,v90-100_fog_dense,2.0,True,358,v2,bandit
422,v90-100_fog_dense,2.0,True,359,v2,bandit
423,v90-100_fog_dense,2.0,True,360,v2,bandit
424,v90-100_fog_dense,2.0,True,361,v2,bandit
425,v90-100_fog_dense,2.0,True,362,v2,bandit
426,v90-100_fog_dense,2.0,True,363,v2,bandit
427,v90-100_fog_dense,2.0,True,364,v2,bandit
428,v90-100_fog_dense,2.0,True,365,v2,bandit
429,v90-100_fog_dense,2.0,True,366,v2,bandit
430,v90-100_fog_dense,2.0,True,367,v2,bandit
431,v90-100_fog_dense,2.0,True,368,v2,bandit
432,v90-100_fog_dense,2.0,True,369,v2,bandit
433,v90-100_fog_dense,2.0,True,370,v2,bandit
434,v90-100_fog_dense,2.0,True,371,v2,bandit
435,v90-100_fog_dense,2.0,True,372,v2,bandit
436,v90-100_fog_dense,2.0,True,373,v2,bandit
437,v90-100_fog_dense,2.0,True,374,v2,bandit
438,v90-100_fog_dense,2.0,True,375,v2,bandit
439,v90-100_fog_dense,2.0,True,376,v2,bandit
440,v90-100_fog_dense,2.0,True,377,v2,bandit
441,v90-100_fog_dense,2.0,True,378,v2,bandit
442,v90-100_fog_dense,2.0,True,379,v2,bandit
443,v90-100_fog_dense,2.0,True,380,v2,bandit
444,v90-100_fog_dense,2.0,True,381,v2,bandit
445,v90-100_fog_dense,2.0,True,382,v2,bandit
446,v90-100_fog_dense,2.0,True,383,v2,bandit
447,v90-100_fog_dense,2.0,True,384,v2,bandit
448,v90-100_fog_dense,2.0,True,385,v2,bandit
449,v90-100_fog_dense,2.0,True,386,v2,bandit
450,v90-100_fog_dense,2.0,True,387,v2,bandit
451,v90-100_fog_dense,2.0,True,388,v2,bandit
452,v90-100_fog_dense,2.0,True,389,v2,bandit
453,v90-100_fog_dense,2.0,True,390,v2,bandit
454,v90-100_fog_dense,2.0,True,391,v2,bandit
455,v90-100_fog_dense,2.0,True,392,v2,bandit
456,v90-100_fog_dense,2.0,True,393,v2,bandit
457,v70-90_fog_dense,2.0,True,394,v2,bandit
458,v70-90_fog_dense,2.0,True,395,v2,bandit
459,v70-90_fog_dense,2.0,True,396,v2,bandit
460,v70-90_fog_dense,2.0,True,397,v2,bandit
461,v70-90_fog_dense,2.0,True,398,v2,bandit
462,v70-90_fog_dense,2.0,True,399,v2,bandit
463,v70-90_fog_dense,2.0,True,400,v2,bandit
464,v70-90_fog_dense,2.0,True,401,v2,bandit
465,v70-90_fog_dense,2.0,True,402,v2,bandit
466,v70-90_fog_dense,-0.1,False,402,v2,bandit
467,v90-100_fog_dense,2.0,True,403,v2,bandit
468,v90-100_fog_dense,2.0,True,404,v2,bandit
469,v90-100_fog_dense,2.0,True,405,v2,bandit
470,v90-100_fog_dense,2.0,True,406,v2,bandit
471,v90-100_fog_dense,2.0,True,407,v2,bandit
472,v90-100_fog_dense,2.0,True,408,v2,bandit
473,v90-100_fog_dense,2.0,True,409,v2,bandit
474,v90-100_fog_dense,2.0,True,410,v2,bandit
475,v90-100_fog_dense,2.0,True,411,v2,bandit
476,v90-100_fog_dense,2.0,True,412,v2,bandit
477,v90-100_fog_dense,2.0,True,413,v2,bandit
478,v90-100_fog_dense,2.0,True,414,v2,bandit
479,v90-100_fog_dense,2.0,True,415,v2,bandit
480,v70-90_wet,-0.1,False,415,v2,bandit
481,v70-90_snow,-0.1,False,415,v2,bandit
482,v90-100_wet,-0.1,False,415,v2,bandit
483,v90-100_snow,2.0,True,416,v2,bandit
484,v90-100_snow,-0.1,False,416,v2,bandit
485,v90-100_fog_dense,2.0,True,417,v2,bandit
486,v90-100_fog_dense,2.0,True,418,v2,bandit
487,v90-100_fog_dense,2.0,True,419,v2,bandit
488,v90-100_fog_dense,2.0,True,420,v2,bandit
489,v90-100_fog_dense,2.0,True,421,v2,bandit
490,v90-100_fog_dense,2.0,True,422,v2,bandit
491,v90-100_fog_dense,2.0,True,423,v2,bandit
492,v90-100_fog_dense,2.0,True,424,v2,bandit
493,v90-100_fog_dense,2.0,True,425,v2,bandit
494,v90-100_fog_dense,2.0,True,426,v2,bandit
495,v90-100_fog_dense,2.0,True,427,v2,bandit
496,v90-100_fog_dense,2.0,True,428,v2,bandit
497,v90-100_fog_dense,2.0,True,429,v2,bandit
498,v90-100_fog_dense,2.0,True,430,v2,bandit
499,v90-100_fog_dense,2.0,True,431,v2,bandit
500,v90-100_fog_dense,2.0,True,432,v2,bandit
1,v90-100_fog_dense,-0.1,False,0,v3,bandit
2,v70-90_fog_dense,-0.1,False,0,v3,bandit
3,v90-100_fog_dense,-0.1,False,0,v3,bandit
4,v70-90_fog_dense,-0.1,False,0,v3,bandit
5,v90-100_fog_dense,-0.1,False,0,v3,bandit
6,v70-90_fog_dense,-0.1,False,0,v3,bandit
7,v50-70_fog_dense,-0.1,False,0,v3,bandit
8,v70-90_snow,-0.1,False,0,v3,bandit
9,v70-90_dry,-0.1,False,0,v3,bandit
10,v90-100_snow,-0.1,False,0,v3,bandit
11,v70-90_wet,-0.1,False,0,v3,bandit
12,v90-100_wet,-0.1,False,0,v3,bandit
13,v90-100_dry,-0.1,False,0,v3,bandit
14,v30-50_fog_dense,-0.1,False,0,v3,bandit
15,v10-30_fog_dense,-0.1,False,0,v3,bandit
16,v70-90_fog_light,-0.1,False,0,v3,bandit
17,v90-100_fog_light,-0.1,False,0,v3,bandit
18,v10-30_fog_light,-0.1,False,0,v3,bandit
19,v10-30_wet,-0.1,False,0,v3,bandit
20,v10-30_dry,-0.1,False,0,v3,bandit
21,v30-50_wet,-0.1,False,0,v3,bandit
22,v30-50_fog_light,-0.1,False,0,v3,bandit
23,v30-50_dry,-0.1,False,0,v3,bandit
24,v50-70_fog_light,-0.1,False,0,v3,bandit
25,v50-70_wet,-0.1,False,0,v3,bandit
26,v50-70_dry,-0.1,False,0,v3,bandit
27,v50-70_snow,-0.1,False,0,v3,bandit
28,v30-50_snow,-0.1,False,0,v3,bandit
29,v10-30_snow,-0.1,False,0,v3,bandit
30,v90-100_fog_dense,-0.1,False,0,v3,bandit
31,v70-90_fog_dense,-0.1,False,0,v3,bandit
32,v50-70_fog_dense,-0.1,False,0,v3,bandit
33,v70-90_snow,-0.1,False,0,v3,bandit
34,v70-90_dry,-0.1,False,0,v3,bandit
35,v90-100_snow,-0.1,False,0,v3,bandit
36,v70-90_wet,-0.1,False,0,v3,bandit
37,v90-100_wet,-0.1,False,0,v3,bandit
38,v90-100_dry,-0.1,False,0,v3,bandit
39,v30-50_fog_dense,-0.1,False,0,v3,bandit
40,v10-30_fog_dense,-0.1,False,0,v3,bandit
41,v70-90_fog_light,-0.1,False,0,v3,bandit
42,v90-100_fog_light,-0.1,False,0,v3,bandit
43,v10-30_fog_light,-0.1,False,0,v3,bandit
44,v10-30_wet,-0.1,False,0,v3,bandit
45,v10-30_dry,-0.1,False,0,v3,bandit
46,v30-50_wet,-0.1,False,0,v3,bandit
47,v30-50_fog_light,-0.1,False,0,v3,bandit
48,v30-50_dry,-0.1,False,0,v3,bandit
49,v50-70_fog_light,-0.1,False,0,v3,bandit
50,v50-70_wet,-0.1,False,0,v3,bandit
51,v50-70_dry,-0.1,False,0,v3,bandit
52,v50-70_snow,-0.1,False,0,v3,bandit
53,v30-50_snow,-0.1,False,0,v3,bandit
54,v10-30_snow,-0.1,False,0,v3,bandit
55,v90-100_fog_dense,-0.1,False,0,v3,bandit
56,v70-90_fog_dense,-0.1,False,0,v3,bandit
57,v50-70_fog_dense,-0.1,False,0,v3,bandit
58,v70-90_snow,-0.1,False,0,v3,bandit
59,v70-90_dry,-0.1,False,0,v3,bandit
60,v90-100_snow,-0.1,False,0,v3,bandit
61,v70-90_wet,-0.1,False,0,v3,bandit
62,v90-100_wet,-0.1,False,0,v3,bandit
63,v90-100_dry,-0.1,False,0,v3,bandit
64,v30-50_fog_dense,-0.1,False,0,v3,bandit
65,v10-30_fog_dense,-0.1,False,0,v3,bandit
66,v70-90_fog_light,-0.1,False,0,v3,bandit
67,v90-100_fog_light,-0.1,False,0,v3,bandit
68,v10-30_fog_light,-0.1,False,0,v3,bandit
69,v10-30_wet,-0.1,False,0,v3,bandit
70,v10-30_dry,-0.1,False,0,v3,bandit
71,v30-50_wet,-0.1,False,0,v3,bandit
72,v30-50_fog_light,-0.1,False,0,v3,bandit
73,v30-50_dry,-0.1,False,0,v3,bandit
74,v50-70_fog_light,-0.1,False,0,v3,bandit
75,v50-70_wet,-0.1,False,0,v3,bandit
76,v50-70_dry,-0.1,False,0,v3,bandit
77,v50-70_snow,-0.1,False,0,v3,bandit
78,v30-50_snow,-0.1,False,0,v3,bandit
79,v10-30_snow,-0.1,False,0,v3,bandit
80,v90-100_fog_dense,-0.1,False,0,v3,bandit
81,v70-90_fog_dense,-0.1,False,0,v3,bandit
82,v90-100_fog_dense,-0.1,False,0,v3,bandit
83,v70-90_fog_dense,-0.1,False,0,v3,bandit
84,v50-70_fog_dense,-0.1,False,0,v3,bandit
85,v70-90_snow,-0.1,False,0,v3,bandit
86,v70-90_dry,-0.1,False,0,v3,bandit
87,v90-100_snow,-0.1,False,0,v3,bandit
88,v70-90_wet,-0.1,False,0,v3,bandit
89,v90-100_wet,-0.1,False,0,v3,bandit
90,v90-100_dry,-0.1,False,0,v3,bandit
91,v30-50_fog_dense,-0.1,False,0,v3,bandit
92,v10-30_fog_dense,-0.1,False,0,v3,bandit
93,v70-90_fog_light,-0.1,False,0,v3,bandit
94,v90-100_fog_light,-0.1,False,0,v3,bandit
95,v10-30_fog_light,-0.1,False,0,v3,bandit
96,v10-30_wet,-0.1,False,0,v3,bandit
97,v10-30_dry,-0.1,False,0,v3,bandit
98,v30-50_wet,-0.1,False,0,v3,bandit
99,v30-50_fog_light,-0.1,False,0,v3,bandit
100,v30-50_dry,-0.1,False,0,v3,bandit
101,v50-70_fog_light,-0.1,False,0,v3,bandit
102,v50-70_wet,-0.1,False,0,v3,bandit
103,v50-70_dry,-0.1,False,0,v3,bandit
104,v50-70_snow,-0.1,False,0,v3,bandit
105,v30-50_snow,-0.1,False,0,v3,bandit
106,v10-30_snow,-0.1,False,0,v3,bandit
107,v90-100_fog_dense,-0.1,False,0,v3,bandit
108,v70-90_fog_dense,-0.1,False,0,v3,bandit
109,v50-70_fog_dense,-0.1,False,0,v3,bandit
110,v70-90_snow,-0.1,False,0,v3,bandit
111,v70-90_dry,-0.1,False,0,v3,bandit
112,v90-100_snow,-0.1,False,0,v3,bandit
113,v70-90_wet,-0.1,False,0,v3,bandit
114,v90-100_wet,-0.1,False,0,v3,bandit
115,v90-100_dry,-0.1,False,0,v3,bandit
116,v30-50_fog_dense,-0.1,False,0,v3,bandit
117,v10-30_fog_dense,-0.1,False,0,v3,bandit
118,v70-90_fog_light,-0.1,False,0,v3,bandit
119,v90-100_fog_light,-0.1,False,0,v3,bandit
120,v10-30_fog_light,-0.1,False,0,v3,bandit
121,v10-30_wet,-0.1,False,0,v3,bandit
122,v10-30_dry,-0.1,False,0,v3,bandit
123,v30-50_wet,-0.1,False,0,v3,bandit
124,v30-50_fog_light,-0.1,False,0,v3,bandit
125,v30-50_dry,-0.1,False,0,v3,bandit
126,v50-70_fog_light,-0.1,False,0,v3,bandit
127,v50-70_wet,-0.1,False,0,v3,bandit
128,v50-70_dry,-0.1,False,0,v3,bandit
129,v50-70_snow,-0.1,False,0,v3,bandit
130,v30-50_snow,-0.1,False,0,v3,bandit
131,v10-30_snow,-0.1,False,0,v3,bandit
132,v90-100_fog_dense,-0.1,False,0,v3,bandit
133,v70-90_fog_dense,-0.1,False,0,v3,bandit
134,v50-70_fog_dense,-0.1,False,0,v3,bandit
135,v70-90_snow,-0.1,False,0,v3,bandit
136,v70-90_dry,-0.1,False,0,v3,bandit
137,v90-100_snow,-0.1,False,0,v3,bandit
138,v70-90_wet,-0.1,False,0,v3,bandit
139,v90-100_wet,-0.1,False,0,v3,bandit
140,v90-100_dry,-0.1,False,0,v3,bandit
141,v30-50_fog_dense,-0.1,False,0,v3,bandit
142,v10-30_fog_dense,-0.1,False,0,v3,bandit
143,v70-90_fog_light,-0.1,False,0,v3,bandit
144,v90-100_fog_light,-0.1,False,0,v3,bandit
145,v10-30_fog_light,-0.1,False,0,v3,bandit
146,v10-30_wet,-0.1,False,0,v3,bandit
147,v10-30_dry,-0.1,False,0,v3,bandit
148,v30-50_wet,-0.1,False,0,v3,bandit
149,v30-50_fog_light,-0.1,False,0,v3,bandit
150,v30-50_dry,-0.1,False,0,v3,bandit
151,v50-70_fog_light,-0.1,False,0,v3,bandit
152,v50-70_wet,-0.1,False,0,v3,bandit
153,v50-70_dry,-0.1,False,0,v3,bandit
154,v50-70_snow,-0.1,False,0,v3,bandit
155,v30-50_snow,-0.1,False,0,v3,bandit
156,v10-30_snow,-0.1,False,0,v3,bandit
157,v90-100_fog_dense,-0.1,False,0,v3,bandit
158,v70-90_fog_dense,-0.1,False,0,v3,bandit
159,v50-70_fog_dense,-0.1,False,0,v3,bandit
160,v70-90_snow,-0.1,False,0,v3,bandit
161,v70-90_dry,-0.1,False,0,v3,bandit
162,v90-100_snow,-0.1,False,0,v3,bandit
163,v70-90_wet,-0.1,False,0,v3,bandit
164,v90-100_wet,-0.1,False,0,v3,bandit
165,v90-100_dry,-0.1,False,0,v3,bandit
166,v30-50_fog_dense,-0.1,False,0,v3,bandit
167,v10-30_fog_dense,-0.1,False,0,v3,bandit
168,v70-90_fog_light,-0.1,False,0,v3,bandit
169,v90-100_fog_light,-0.1,False,0,v3,bandit
170,v10-30_fog_light,-0.1,False,0,v3,bandit
171,v10-30_wet,-0.1,False,0,v3,bandit
172,v10-30_dry,-0.1,False,0,v3,bandit
173,v30-50_wet,-0.1,False,0,v3,bandit
174,v30-50_fog_light,-0.1,False,0,v3,bandit
175,v30-50_dry,-0.1,False,0,v3,bandit
176,v50-70_fog_light,-0.1,False,0,v3,bandit
177,v50-70_wet,-0.1,False,0,v3,bandit
178,v50-70_dry,-0.1,False,0,v3,bandit
179,v50-70_snow,-0.1,False,0,v3,bandit
180,v30-50_snow,-0.1,False,0,v3,bandit
181,v10-30_snow,-0.1,False,0,v3,bandit
182,v90-100_fog_dense,-0.1,False,0,v3,bandit
183,v70-90_fog_dense,-0.1,False,0,v3,bandit
184,v50-70_fog_dense,-0.1,False,0,v3,bandit
185,v70-90_snow,-0.1,False,0,v3,bandit
186,v70-90_dry,-0.1,False,0,v3,bandit
187,v90-100_snow,-0.1,False,0,v3,bandit
188,v70-90_wet,-0.1,False,0,v3,bandit
189,v90-100_wet,-0.1,False,0,v3,bandit
190,v90-100_dry,-0.1,False,0,v3,bandit
191,v30-50_fog_dense,-0.1,False,0,v3,bandit
192,v10-30_fog_dense,-0.1,False,0,v3,bandit
193,v70-90_fog_light,-0.1,False,0,v3,bandit
194,v90-100_fog_light,-0.1,False,0,v3,bandit
195,v10-30_fog_light,-0.1,False,0,v3,bandit
196,v10-30_wet,-0.1,False,0,v3,bandit
197,v10-30_dry,-0.1,False,0,v3,bandit
198,v30-50_wet,-0.1,False,0,v3,bandit
199,v30-50_fog_light,-0.1,False,0,v3,bandit
200,v30-50_dry,-0.1,False,0,v3,bandit
201,v50-70_fog_light,-0.1,False,0,v3,bandit
202,v50-70_wet,-0.1,False,0,v3,bandit
203,v50-70_dry,-0.1,False,0,v3,bandit
204,v50-70_snow,-0.1,False,0,v3,bandit
205,v30-50_snow,-0.1,False,0,v3,bandit
206,v10-30_snow,-0.1,False,0,v3,bandit
207,v90-100_fog_dense,-0.1,False,0,v3,bandit
208,v70-90_fog_dense,-0.1,False,0,v3,bandit
209,v50-70_fog_dense,-0.1,False,0,v3,bandit
210,v70-90_snow,-0.1,False,0,v3,bandit
211,v70-90_dry,-0.1,False,0,v3,bandit
212,v90-100_snow,-0.1,False,0,v3,bandit
213,v70-90_wet,-0.1,False,0,v3,bandit
214,v90-100_wet,-0.1,False,0,v3,bandit
215,v90-100_dry,-0.1,False,0,v3,bandit
216,v30-50_fog_dense,-0.1,False,0,v3,bandit
217,v10-30_fog_dense,-0.1,False,0,v3,bandit
218,v70-90_fog_light,-0.1,False,0,v3,bandit
219,v90-100_fog_light,-0.1,False,0,v3,bandit
220,v10-30_fog_light,-0.1,False,0,v3,bandit
221,v10-30_wet,-0.1,False,0,v3,bandit
222,v10-30_dry,-0.1,False,0,v3,bandit
223,v30-50_wet,-0.1,False,0,v3,bandit
224,v30-50_fog_light,-0.1,False,0,v3,bandit
225,v30-50_dry,-0.1,False,0,v3,bandit
226,v50-70_fog_light,-0.1,False,0,v3,bandit
227,v50-70_wet,-0.1,False,0,v3,bandit
228,v50-70_dry,-0.1,False,0,v3,bandit
229,v50-70_snow,-0.1,False,0,v3,bandit
230,v30-50_snow,-0.1,False,0,v3,bandit
231,v10-30_snow,-0.1,False,0,v3,bandit
232,v90-100_fog_dense,-0.1,False,0,v3,bandit
233,v70-90_fog_dense,-0.1,False,0,v3,bandit
234,v90-100_fog_dense,-0.1,False,0,v3,bandit
235,v70-90_fog_dense,-0.1,False,0,v3,bandit
236,v50-70_fog_dense,-0.1,False,0,v3,bandit
237,v70-90_snow,-0.1,False,0,v3,bandit
238,v70-90_dry,-0.1,False,0,v3,bandit
239,v90-100_snow,-0.1,False,0,v3,bandit
240,v70-90_wet,-0.1,False,0,v3,bandit
241,v90-100_wet,-0.1,False,0,v3,bandit
242,v90-100_dry,-0.1,False,0,v3,bandit
243,v30-50_fog_dense,-0.1,False,0,v3,bandit
244,v10-30_fog_dense,-0.1,False,0,v3,bandit
245,v70-90_fog_light,-0.1,False,0,v3,bandit
246,v90-100_fog_light,-0.1,False,0,v3,bandit
247,v10-30_fog_light,-0.1,False,0,v3,bandit
248,v10-30_wet,-0.1,False,0,v3,bandit
249,v10-30_dry,-0.1,False,0,v3,bandit
250,v30-50_wet,-0.1,False,0,v3,bandit
251,v30-50_fog_light,-0.1,False,0,v3,bandit
252,v30-50_dry,-0.1,False,0,v3,bandit
253,v50-70_fog_light,-0.1,False,0,v3,bandit
254,v50-70_wet,-0.1,False,0,v3,bandit
255,v50-70_dry,-0.1,False,0,v3,bandit
256,v50-70_snow,-0.1,False,0,v3,bandit
257,v30-50_snow,-0.1,False,0,v3,bandit
258,v10-30_snow,-0.1,False,0,v3,bandit
259,v90-100_fog_dense,-0.1,False,0,v3,bandit
260,v70-90_fog_dense,-0.1,False,0,v3,bandit
261,v50-70_fog_dense,-0.1,False,0,v3,bandit
262,v70-90_snow,-0.1,False,0,v3,bandit
263,v70-90_dry,-0.1,False,0,v3,bandit
264,v90-100_snow,-0.1,False,0,v3,bandit
265,v70-90_wet,-0.1,False,0,v3,bandit
266,v90-100_wet,-0.1,False,0,v3,bandit
267,v90-100_dry,-0.1,False,0,v3,bandit
268,v30-50_fog_dense,-0.1,False,0,v3,bandit
269,v10-30_fog_dense,-0.1,False,0,v3,bandit
270,v70-90_fog_light,-0.1,False,0,v3,bandit
271,v90-100_fog_light,-0.1,False,0,v3,bandit
272,v10-30_fog_light,-0.1,False,0,v3,bandit
273,v10-30_wet,-0.1,False,0,v3,bandit
274,v10-30_dry,-0.1,False,0,v3,bandit
275,v30-50_wet,-0.1,False,0,v3,bandit
276,v30-50_fog_light,-0.1,False,0,v3,bandit
277,v30-50_dry,-0.1,False,0,v3,bandit
278,v50-70_fog_light,-0.1,False,0,v3,bandit
279,v50-70_wet,-0.1,False,0,v3,bandit
280,v50-70_dry,-0.1,False,0,v3,bandit
281,v50-70_snow,-0.1,False,0,v3,bandit
282,v30-50_snow,-0.1,False,0,v3,bandit
283,v10-30_snow,-0.1,False,0,v3,bandit
284,v90-100_fog_dense,-0.1,False,0,v3,bandit
285,v70-90_fog_dense,-0.1,False,0,v3,bandit
286,v50-70_fog_dense,-0.1,False,0,v3,bandit
287,v70-90_snow,-0.1,False,0,v3,bandit
288,v70-90_dry,-0.1,False,0,v3,bandit
289,v90-100_snow,-0.1,False,0,v3,bandit
290,v70-90_wet,-0.1,False,0,v3,bandit
291,v90-100_wet,-0.1,False,0,v3,bandit
292,v90-100_dry,-0.1,False,0,v3,bandit
293,v30-50_fog_dense,-0.1,False,0,v3,bandit
294,v10-30_fog_dense,-0.1,False,0,v3,bandit
295,v70-90_fog_light,-0.1,False,0,v3,bandit
296,v90-100_fog_light,-0.1,False,0,v3,bandit
297,v10-30_fog_light,-0.1,False,0,v3,bandit
298,v10-30_wet,-0.1,False,0,v3,bandit
299,v10-30_dry,-0.1,False,0,v3,bandit
300,v30-50_wet,-0.1,False,0,v3,bandit
